,ARES
Next Earnings Announcement,2023-02-10 00:00:00
Growth Analysts,12.0
Growth 1yr Low Est,0.7586206896551724
Growth 1yr High Est,0.7830687830687832
Growth 1yr Consensus Est,0.7708447363619778
Growth 2yr Low Est,0.42016001803020053
Growth 2yr High Est,0.5384186645314243
Growth 2yr Consensus Est,0.4792893412808124
Growth 5yr Low Est,0.28010667868680034
Growth 5yr High Est,0.3589457763542829
Growth 5yr Consensus Est,0.3195262275205416
Growth 5yr Actual/Est,0.25232018458812044
Growth 3yr Historic,0.12387322129933681
